epoch,loss,mean_squared_error
0,0.0046911966738601525,0.005468038531641166
