epoch,loss,mean_squared_error
0,7040.775559895833,0.00448655031931897
1,5248.211829427083,0.0014466953991601865
