epoch,loss,mean_squared_error
0,0.001559818122908473,0.001596960312500596
