epoch,loss,mean_squared_error
0,70826.5371875,0.004777382950608929
